codicefiscale,dataora,cfcliente,cfmembro,saldoiniziale,saldofinale
815-91-3551,22/10/2020,815-91-3551,815-91-3551,14,60
794-98-2498,4/9/2021,794-98-2498,794-98-2498,59,19
670-92-3641,25/12/2020,670-92-3641,670-92-3641,40,1
673-76-5238,29/4/2020,673-76-5238,673-76-5238,1,20
305-37-4392,28/12/2021,305-37-4392,305-37-4392,46,45
549-04-1243,27/2/2021,549-04-1243,549-04-1243,6,22
599-27-5014,29/7/2020,599-27-5014,599-27-5014,4,46
286-77-5133,3/2/2021,286-77-5133,286-77-5133,39,56
684-98-2101,16/12/2020,684-98-2101,684-98-2101,16,45
550-22-2523,22/9/2020,550-22-2523,550-22-2523,20,6
845-12-7389,28/10/2020,845-12-7389,845-12-7389,60,2
723-34-0361,25/10/2020,723-34-0361,723-34-0361,48,23
798-16-0847,20/3/2021,798-16-0847,798-16-0847,58,57
176-24-3674,19/5/2021,176-24-3674,176-24-3674,35,35
413-54-5603,21/1/2021,413-54-5603,413-54-5603,6,50
391-36-8064,22/11/2021,391-36-8064,391-36-8064,21,37
574-68-1313,15/6/2022,574-68-1313,574-68-1313,50,45
406-10-2238,14/1/2022,406-10-2238,406-10-2238,31,36
241-49-4556,14/5/2022,241-49-4556,241-49-4556,13,8
190-35-1710,17/7/2022,190-35-1710,190-35-1710,54,29
198-30-8087,4/7/2020,198-30-8087,198-30-8087,9,54
721-96-5052,17/4/2022,721-96-5052,721-96-5052,23,58
206-25-3136,12/9/2020,206-25-3136,206-25-3136,16,60
382-81-3047,4/6/2022,382-81-3047,382-81-3047,30,36
700-76-7626,3/9/2021,700-76-7626,700-76-7626,41,10
356-88-5300,11/12/2021,356-88-5300,356-88-5300,37,7
152-89-8565,9/6/2020,152-89-8565,152-89-8565,16,39
277-79-8525,28/12/2021,277-79-8525,277-79-8525,45,58
553-44-1861,26/11/2021,553-44-1861,553-44-1861,57,39
210-65-1036,4/11/2020,210-65-1036,210-65-1036,32,59
561-74-9308,26/7/2021,561-74-9308,561-74-9308,48,15
419-24-3253,29/10/2020,419-24-3253,419-24-3253,60,40
286-32-7633,5/2/2022,286-32-7633,286-32-7633,55,48
246-37-9688,22/3/2020,246-37-9688,246-37-9688,6,11
732-36-9004,10/6/2022,732-36-9004,732-36-9004,40,28
569-74-4170,13/1/2022,569-74-4170,569-74-4170,39,57
118-84-2246,2/1/2021,118-84-2246,118-84-2246,45,13
258-86-2540,25/6/2020,258-86-2540,258-86-2540,31,13
622-33-9001,21/4/2021,622-33-9001,622-33-9001,13,8
338-01-3387,19/12/2020,338-01-3387,338-01-3387,49,1
735-51-4274,26/4/2020,735-51-4274,735-51-4274,10,48
350-18-9287,14/10/2021,350-18-9287,350-18-9287,45,32
675-31-8177,10/4/2021,675-31-8177,675-31-8177,43,49
495-43-6967,11/7/2020,495-43-6967,495-43-6967,4,32
711-63-0503,13/4/2020,711-63-0503,711-63-0503,38,41
329-25-7239,27/1/2022,329-25-7239,329-25-7239,23,46
815-20-4120,2/1/2021,815-20-4120,815-20-4120,2,7
881-44-8050,17/11/2020,881-44-8050,881-44-8050,25,54
751-62-5360,17/11/2020,751-62-5360,751-62-5360,18,4
343-99-3304,3/4/2021,343-99-3304,343-99-3304,22,53
810-12-6306,17/12/2021,810-12-6306,810-12-6306,10,26
491-98-0175,22/8/2021,491-98-0175,491-98-0175,25,20
309-55-8123,21/7/2020,309-55-8123,309-55-8123,31,54
877-20-7424,28/5/2021,877-20-7424,877-20-7424,29,31
784-24-8313,24/7/2020,784-24-8313,784-24-8313,14,14
534-74-1640,2/10/2020,534-74-1640,534-74-1640,45,14
433-56-1685,19/12/2021,433-56-1685,433-56-1685,51,9
889-52-1120,7/5/2021,889-52-1120,889-52-1120,26,13
599-98-8480,28/8/2021,599-98-8480,599-98-8480,35,22
131-01-6723,30/12/2020,131-01-6723,131-01-6723,18,34
432-72-7265,18/10/2020,432-72-7265,432-72-7265,43,38
867-72-9368,9/4/2022,867-72-9368,867-72-9368,33,18
544-31-9668,31/12/2021,544-31-9668,544-31-9668,21,45
432-84-9053,24/5/2020,432-84-9053,432-84-9053,2,28
594-43-8402,11/3/2022,594-43-8402,594-43-8402,14,36
782-03-1555,6/2/2021,782-03-1555,782-03-1555,18,25
622-92-2826,2/7/2020,622-92-2826,622-92-2826,27,32
593-04-7122,22/5/2021,593-04-7122,593-04-7122,40,18
316-66-6642,1/10/2021,316-66-6642,316-66-6642,38,14
591-98-6710,1/6/2022,591-98-6710,591-98-6710,46,60
122-27-1680,13/1/2022,122-27-1680,122-27-1680,8,44
753-92-9992,9/4/2022,753-92-9992,753-92-9992,17,20
880-35-1306,12/2/2022,880-35-1306,880-35-1306,14,52
164-68-1325,13/9/2020,164-68-1325,164-68-1325,29,27
321-86-6917,14/8/2021,321-86-6917,321-86-6917,56,35
827-59-5617,18/3/2021,827-59-5617,827-59-5617,48,15
692-33-7007,25/4/2020,692-33-7007,692-33-7007,8,25
634-70-0127,25/3/2021,634-70-0127,634-70-0127,36,20
627-73-3119,4/4/2021,627-73-3119,627-73-3119,44,19
365-96-7366,29/6/2022,365-96-7366,365-96-7366,48,8
490-67-7295,19/10/2020,490-67-7295,490-67-7295,41,45
289-46-8677,4/6/2022,289-46-8677,289-46-8677,2,26
553-71-8412,15/7/2021,553-71-8412,553-71-8412,35,36
202-66-2839,15/3/2020,202-66-2839,202-66-2839,51,8
398-97-1928,16/1/2022,398-97-1928,398-97-1928,20,53
418-27-2425,9/6/2021,418-27-2425,418-27-2425,1,7
129-70-9974,19/12/2020,129-70-9974,129-70-9974,38,31
414-69-0067,21/11/2021,414-69-0067,414-69-0067,22,34
556-20-6158,19/5/2020,556-20-6158,556-20-6158,2,19
378-42-3025,2/12/2021,378-42-3025,378-42-3025,12,21
866-63-2228,6/1/2022,866-63-2228,866-63-2228,36,32
540-71-9846,24/11/2021,540-71-9846,540-71-9846,28,35
897-32-5821,22/8/2020,897-32-5821,897-32-5821,44,5
580-48-5304,20/4/2021,580-48-5304,580-48-5304,23,58
451-82-4096,6/5/2020,451-82-4096,451-82-4096,56,16
840-23-3858,9/4/2020,840-23-3858,840-23-3858,34,54
581-20-0248,18/1/2022,581-20-0248,581-20-0248,9,9
841-62-4285,7/12/2020,841-62-4285,841-62-4285,34,10
598-84-2863,23/1/2021,598-84-2863,598-84-2863,5,13
614-82-7275,30/10/2020,614-82-7275,614-82-7275,20,24
